event_name,event_description,category
Animal Welfare Rights Protest,share knowledge is under threat. We need to unite and stand strong.,POLITICAL
Rally for Climate Change,An important meeting to discuss protest against injustice and its impact on our community.,SOCIAL
Equality Meet-up,"Join us as we come together to discuss the issue. This is a critical time, and we need your voice to make a difference!",SOCIAL
Free Speech Discussion Forum,An important meeting to discuss bring attention to the cause and its impact on our community.,POLITICAL
Community Gathering: Free Speech,protest against injustice is under threat. We need to unite and stand strong.,SOCIAL
Animal Welfare Awareness March,"This event will cover bring attention to the cause, followed by an open discussion. It's a great opportunity to engage with like-minded people.",POLITICAL
Voting Rights Discussion Forum,bring attention to the cause is under threat. We need to unite and stand strong.,SOCIAL
Water Conservation Workshop,Let's meet up and talk about raising awareness. This event is for anyone passionate about making a difference!,POLITICAL
Community Empowerment in Action,An educational session on share knowledge. We will explore solutions and actions to take.,ENVIRONMENTAL
Community Empowerment Meet-up,share knowledge is under threat. We need to unite and stand strong.,POLITICAL
Climate Change Discussion Forum,Let's meet up and talk about bring attention to the cause. This event is for anyone passionate about making a difference!,POLITICAL
Movement for Free Speech,"This event will cover protest against injustice, followed by an open discussion. It's a great opportunity to engage with like-minded people.",EDUCATIONAL
Movement for Equality,A peaceful protest to support collaborate. Make your voice heard!,POLITICAL
Equality in Action,"This event will cover raising awareness, followed by an open discussion. It's a great opportunity to engage with like-minded people.",ENVIRONMENTAL
Rally for Climate Change,An educational session on protest against injustice. We will explore solutions and actions to take.,ENVIRONMENTAL
Movement for Animal Welfare,Learn and collaborate on collaborate through interactive workshops and panel discussions.,EDUCATIONAL
Climate Change Workshop,Let's meet up and talk about raising awareness. This event is for anyone passionate about making a difference!,ENVIRONMENTAL
Rally for Free Speech,Let's meet up and talk about bring attention to the cause. This event is for anyone passionate about making a difference!,ENVIRONMENTAL
Movement for Water Conservation,Learn and collaborate on protest against injustice through interactive workshops and panel discussions.,EDUCATIONAL
Animal Welfare Rights Protest,"This event will cover raising awareness, followed by an open discussion. It's a great opportunity to engage with like-minded people.",ENVIRONMENTAL
Animal Welfare Rights Protest,An important meeting to discuss bring attention to the cause and its impact on our community.,EDUCATIONAL
Water Conservation Workshop,An important meeting to discuss explore solutions and its impact on our community.,EDUCATIONAL
Community Gathering: Renewable Energy,An educational session on bring attention to the cause. We will explore solutions and actions to take.,POLITICAL
Movement for Climate Change,An important meeting to discuss support the cause and its impact on our community.,EDUCATIONAL
Climate Change Meet-up,support the cause is under threat. We need to unite and stand strong.,EDUCATIONAL
Community Gathering: Community Empowerment,support the cause is under threat. We need to unite and stand strong.,EDUCATIONAL
Community Gathering: Water Conservation,Let's meet up and talk about discuss the issue. This event is for anyone passionate about making a difference!,POLITICAL
Climate Change Rights Protest,A peaceful protest to support share knowledge. Make your voice heard!,POLITICAL
Renewable Energy Discussion Forum,An important meeting to discuss explore solutions and its impact on our community.,EDUCATIONAL
Free Speech Discussion Forum,explore solutions is under threat. We need to unite and stand strong.,ENVIRONMENTAL
Rally for Voting Rights,bring attention to the cause is under threat. We need to unite and stand strong.,ENVIRONMENTAL
Voting Rights in Action,An important meeting to discuss collaborate and its impact on our community.,SOCIAL
Save the Digital Privacy,Let's meet up and talk about explore solutions. This event is for anyone passionate about making a difference!,SOCIAL
Renewable Energy Workshop,An educational session on bring attention to the cause. We will explore solutions and actions to take.,SOCIAL
Community Gathering: Community Empowerment,A peaceful protest to support support the cause. Make your voice heard!,ENVIRONMENTAL
Community Empowerment Discussion Forum,"Join us as we come together to protest against injustice. This is a critical time, and we need your voice to make a difference!",ENVIRONMENTAL
Save the Animal Welfare,Learn and collaborate on bring attention to the cause through interactive workshops and panel discussions.,ENVIRONMENTAL
Rally for Climate Change,A peaceful protest to support bring attention to the cause. Make your voice heard!,SOCIAL
Save the Free Speech,A peaceful protest to support explore solutions. Make your voice heard!,ENVIRONMENTAL
Community Gathering: Community Empowerment,"This event will cover explore solutions, followed by an open discussion. It's a great opportunity to engage with like-minded people.",EDUCATIONAL
Movement for Climate Change,A peaceful protest to support protest against injustice. Make your voice heard!,SOCIAL
Community Empowerment Workshop,"Join us as we come together to collaborate. This is a critical time, and we need your voice to make a difference!",POLITICAL
Water Conservation Workshop,Learn and collaborate on protest against injustice through interactive workshops and panel discussions.,SOCIAL
Climate Change Meet-up,"This event will cover raising awareness, followed by an open discussion. It's a great opportunity to engage with like-minded people.",POLITICAL
Save the Climate Change,"Join us as we come together to support the cause. This is a critical time, and we need your voice to make a difference!",ENVIRONMENTAL
Renewable Energy Rights Protest,"This event will cover support the cause, followed by an open discussion. It's a great opportunity to engage with like-minded people.",EDUCATIONAL
Voting Rights Meet-up,support the cause is under threat. We need to unite and stand strong.,POLITICAL
Community Gathering: Equality,An educational session on share knowledge. We will explore solutions and actions to take.,EDUCATIONAL
Human Rights Awareness March,discuss the issue is under threat. We need to unite and stand strong.,EDUCATIONAL
Climate Change Workshop,Let's meet up and talk about support the cause. This event is for anyone passionate about making a difference!,POLITICAL
Save the Animal Welfare,"Join us as we come together to protest against injustice. This is a critical time, and we need your voice to make a difference!",EDUCATIONAL
Community Gathering: Water Conservation,"Join us as we come together to discuss the issue. This is a critical time, and we need your voice to make a difference!",ENVIRONMENTAL
Voting Rights in Action,"This event will cover share knowledge, followed by an open discussion. It's a great opportunity to engage with like-minded people.",ENVIRONMENTAL
Human Rights Meet-up,An important meeting to discuss discuss the issue and its impact on our community.,SOCIAL
Community Empowerment in Action,Let's meet up and talk about collaborate. This event is for anyone passionate about making a difference!,EDUCATIONAL
Rally for Climate Change,A peaceful protest to support discuss the issue. Make your voice heard!,ENVIRONMENTAL
Movement for Renewable Energy,Let's meet up and talk about explore solutions. This event is for anyone passionate about making a difference!,SOCIAL
Human Rights Meet-up,Learn and collaborate on explore solutions through interactive workshops and panel discussions.,EDUCATIONAL
Community Empowerment in Action,collaborate is under threat. We need to unite and stand strong.,SOCIAL
Rally for Digital Privacy,A peaceful protest to support protest against injustice. Make your voice heard!,ENVIRONMENTAL
Save the Renewable Energy,"This event will cover discuss the issue, followed by an open discussion. It's a great opportunity to engage with like-minded people.",POLITICAL
Community Gathering: Voting Rights,A peaceful protest to support discuss the issue. Make your voice heard!,EDUCATIONAL
Free Speech in Action,"This event will cover discuss the issue, followed by an open discussion. It's a great opportunity to engage with like-minded people.",POLITICAL
Digital Privacy Rights Protest,collaborate is under threat. We need to unite and stand strong.,ENVIRONMENTAL
Movement for Digital Privacy,bring attention to the cause is under threat. We need to unite and stand strong.,EDUCATIONAL
Animal Welfare Workshop,Learn and collaborate on protest against injustice through interactive workshops and panel discussions.,EDUCATIONAL
Renewable Energy Discussion Forum,An important meeting to discuss collaborate and its impact on our community.,EDUCATIONAL
Community Empowerment in Action,Let's meet up and talk about bring attention to the cause. This event is for anyone passionate about making a difference!,POLITICAL
Animal Welfare Rights Protest,An important meeting to discuss share knowledge and its impact on our community.,EDUCATIONAL
Save the Human Rights,"Join us as we come together to bring attention to the cause. This is a critical time, and we need your voice to make a difference!",SOCIAL
Renewable Energy Discussion Forum,An important meeting to discuss protest against injustice and its impact on our community.,POLITICAL
Climate Change Discussion Forum,"This event will cover share knowledge, followed by an open discussion. It's a great opportunity to engage with like-minded people.",ENVIRONMENTAL
Save the Climate Change,Let's meet up and talk about protest against injustice. This event is for anyone passionate about making a difference!,POLITICAL
Community Empowerment in Action,An important meeting to discuss support the cause and its impact on our community.,SOCIAL
Climate Change Discussion Forum,An educational session on discuss the issue. We will explore solutions and actions to take.,ENVIRONMENTAL
Water Conservation Meet-up,support the cause is under threat. We need to unite and stand strong.,EDUCATIONAL
Community Gathering: Equality,share knowledge is under threat. We need to unite and stand strong.,SOCIAL
Climate Change Workshop,Learn and collaborate on bring attention to the cause through interactive workshops and panel discussions.,SOCIAL
Community Empowerment in Action,An educational session on support the cause. We will explore solutions and actions to take.,EDUCATIONAL
Climate Change in Action,An educational session on bring attention to the cause. We will explore solutions and actions to take.,POLITICAL
Community Empowerment in Action,A peaceful protest to support explore solutions. Make your voice heard!,SOCIAL
Movement for Climate Change,An educational session on protest against injustice. We will explore solutions and actions to take.,ENVIRONMENTAL
Movement for Free Speech,Learn and collaborate on collaborate through interactive workshops and panel discussions.,POLITICAL
Water Conservation Discussion Forum,Learn and collaborate on explore solutions through interactive workshops and panel discussions.,EDUCATIONAL
Climate Change Meet-up,Let's meet up and talk about discuss the issue. This event is for anyone passionate about making a difference!,POLITICAL
Human Rights Workshop,collaborate is under threat. We need to unite and stand strong.,POLITICAL
Human Rights in Action,Learn and collaborate on share knowledge through interactive workshops and panel discussions.,ENVIRONMENTAL
Animal Welfare Meet-up,Let's meet up and talk about discuss the issue. This event is for anyone passionate about making a difference!,POLITICAL
Water Conservation Discussion Forum,A peaceful protest to support support the cause. Make your voice heard!,ENVIRONMENTAL
Save the Equality,"Join us as we come together to collaborate. This is a critical time, and we need your voice to make a difference!",POLITICAL
Digital Privacy Workshop,A peaceful protest to support collaborate. Make your voice heard!,POLITICAL
Voting Rights Awareness March,Learn and collaborate on share knowledge through interactive workshops and panel discussions.,ENVIRONMENTAL
Community Gathering: Community Empowerment,An educational session on support the cause. We will explore solutions and actions to take.,POLITICAL
Equality Awareness March,"Join us as we come together to share knowledge. This is a critical time, and we need your voice to make a difference!",POLITICAL
Free Speech Workshop,"Join us as we come together to bring attention to the cause. This is a critical time, and we need your voice to make a difference!",EDUCATIONAL
Save the Climate Change,"This event will cover explore solutions, followed by an open discussion. It's a great opportunity to engage with like-minded people.",SOCIAL
Movement for Digital Privacy,An important meeting to discuss protest against injustice and its impact on our community.,ENVIRONMENTAL
Human Rights in Action,Learn and collaborate on bring attention to the cause through interactive workshops and panel discussions.,EDUCATIONAL
Rally for Free Speech,Learn and collaborate on support the cause through interactive workshops and panel discussions.,ENVIRONMENTAL
Human Rights in Action,A peaceful protest to support discuss the issue. Make your voice heard!,EDUCATIONAL
Human Rights Workshop,support the cause is under threat. We need to unite and stand strong.,SOCIAL
Save the Water Conservation,share knowledge is under threat. We need to unite and stand strong.,EDUCATIONAL
Voting Rights in Action,"This event will cover protest against injustice, followed by an open discussion. It's a great opportunity to engage with like-minded people.",SOCIAL
Equality Rights Protest,An important meeting to discuss explore solutions and its impact on our community.,SOCIAL
Movement for Digital Privacy,A peaceful protest to support support the cause. Make your voice heard!,POLITICAL
Community Gathering: Animal Welfare,"Join us as we come together to explore solutions. This is a critical time, and we need your voice to make a difference!",POLITICAL
Community Empowerment Rights Protest,Let's meet up and talk about collaborate. This event is for anyone passionate about making a difference!,SOCIAL
Digital Privacy in Action,Let's meet up and talk about raising awareness. This event is for anyone passionate about making a difference!,ENVIRONMENTAL
Digital Privacy Rights Protest,Learn and collaborate on bring attention to the cause through interactive workshops and panel discussions.,ENVIRONMENTAL
Equality Discussion Forum,"Join us as we come together to discuss the issue. This is a critical time, and we need your voice to make a difference!",SOCIAL
Rally for Water Conservation,An educational session on raising awareness. We will explore solutions and actions to take.,ENVIRONMENTAL
Community Gathering: Human Rights,Let's meet up and talk about protest against injustice. This event is for anyone passionate about making a difference!,POLITICAL
Save the Digital Privacy,"This event will cover support the cause, followed by an open discussion. It's a great opportunity to engage with like-minded people.",ENVIRONMENTAL
Community Gathering: Water Conservation,An educational session on explore solutions. We will explore solutions and actions to take.,EDUCATIONAL
Community Gathering: Community Empowerment,Let's meet up and talk about explore solutions. This event is for anyone passionate about making a difference!,SOCIAL
Rally for Climate Change,A peaceful protest to support bring attention to the cause. Make your voice heard!,POLITICAL
Community Gathering: Community Empowerment,An important meeting to discuss collaborate and its impact on our community.,POLITICAL
Climate Change in Action,Learn and collaborate on collaborate through interactive workshops and panel discussions.,ENVIRONMENTAL
Voting Rights Rights Protest,A peaceful protest to support explore solutions. Make your voice heard!,EDUCATIONAL
Community Empowerment Rights Protest,An important meeting to discuss discuss the issue and its impact on our community.,ENVIRONMENTAL
Renewable Energy Meet-up,"This event will cover discuss the issue, followed by an open discussion. It's a great opportunity to engage with like-minded people.",POLITICAL
Renewable Energy Rights Protest,Let's meet up and talk about collaborate. This event is for anyone passionate about making a difference!,POLITICAL
Animal Welfare Awareness March,A peaceful protest to support share knowledge. Make your voice heard!,EDUCATIONAL
Climate Change in Action,Let's meet up and talk about collaborate. This event is for anyone passionate about making a difference!,EDUCATIONAL
Human Rights Awareness March,An important meeting to discuss collaborate and its impact on our community.,ENVIRONMENTAL
Water Conservation Rights Protest,raising awareness is under threat. We need to unite and stand strong.,POLITICAL
Voting Rights in Action,"Join us as we come together to bring attention to the cause. This is a critical time, and we need your voice to make a difference!",EDUCATIONAL
Save the Digital Privacy,An important meeting to discuss raising awareness and its impact on our community.,ENVIRONMENTAL
Save the Community Empowerment,An important meeting to discuss support the cause and its impact on our community.,POLITICAL
Animal Welfare Meet-up,Learn and collaborate on discuss the issue through interactive workshops and panel discussions.,EDUCATIONAL
Free Speech Workshop,Learn and collaborate on collaborate through interactive workshops and panel discussions.,EDUCATIONAL
Community Gathering: Climate Change,"This event will cover support the cause, followed by an open discussion. It's a great opportunity to engage with like-minded people.",POLITICAL
Rally for Equality,Learn and collaborate on protest against injustice through interactive workshops and panel discussions.,POLITICAL
Voting Rights Awareness March,A peaceful protest to support collaborate. Make your voice heard!,SOCIAL
Free Speech Discussion Forum,"This event will cover raising awareness, followed by an open discussion. It's a great opportunity to engage with like-minded people.",ENVIRONMENTAL
Save the Human Rights,discuss the issue is under threat. We need to unite and stand strong.,EDUCATIONAL
Climate Change Discussion Forum,An important meeting to discuss share knowledge and its impact on our community.,POLITICAL
Water Conservation Rights Protest,An important meeting to discuss explore solutions and its impact on our community.,POLITICAL
Free Speech Awareness March,A peaceful protest to support discuss the issue. Make your voice heard!,POLITICAL
Free Speech Workshop,Learn and collaborate on discuss the issue through interactive workshops and panel discussions.,SOCIAL
Digital Privacy Meet-up,Learn and collaborate on explore solutions through interactive workshops and panel discussions.,SOCIAL
Free Speech Awareness March,Learn and collaborate on collaborate through interactive workshops and panel discussions.,SOCIAL
Digital Privacy Workshop,An educational session on protest against injustice. We will explore solutions and actions to take.,EDUCATIONAL
Community Gathering: Community Empowerment,An important meeting to discuss bring attention to the cause and its impact on our community.,ENVIRONMENTAL
Climate Change in Action,An educational session on support the cause. We will explore solutions and actions to take.,EDUCATIONAL
Voting Rights Rights Protest,"Join us as we come together to protest against injustice. This is a critical time, and we need your voice to make a difference!",SOCIAL
Save the Renewable Energy,An educational session on share knowledge. We will explore solutions and actions to take.,EDUCATIONAL
Human Rights Rights Protest,Learn and collaborate on raising awareness through interactive workshops and panel discussions.,SOCIAL
Voting Rights Workshop,"Join us as we come together to collaborate. This is a critical time, and we need your voice to make a difference!",EDUCATIONAL
Digital Privacy in Action,An important meeting to discuss protest against injustice and its impact on our community.,POLITICAL
Water Conservation Rights Protest,Learn and collaborate on support the cause through interactive workshops and panel discussions.,SOCIAL
Community Gathering: Digital Privacy,A peaceful protest to support explore solutions. Make your voice heard!,EDUCATIONAL
Rally for Community Empowerment,Let's meet up and talk about collaborate. This event is for anyone passionate about making a difference!,POLITICAL
Rally for Water Conservation,"This event will cover explore solutions, followed by an open discussion. It's a great opportunity to engage with like-minded people.",ENVIRONMENTAL
Renewable Energy in Action,An educational session on collaborate. We will explore solutions and actions to take.,POLITICAL
Save the Voting Rights,Let's meet up and talk about bring attention to the cause. This event is for anyone passionate about making a difference!,ENVIRONMENTAL
Climate Change Meet-up,"Join us as we come together to raising awareness. This is a critical time, and we need your voice to make a difference!",POLITICAL
Voting Rights Awareness March,collaborate is under threat. We need to unite and stand strong.,SOCIAL
Movement for Human Rights,An educational session on discuss the issue. We will explore solutions and actions to take.,EDUCATIONAL
Free Speech in Action,"Join us as we come together to explore solutions. This is a critical time, and we need your voice to make a difference!",EDUCATIONAL
Digital Privacy Awareness March,A peaceful protest to support discuss the issue. Make your voice heard!,EDUCATIONAL
Community Gathering: Equality,A peaceful protest to support share knowledge. Make your voice heard!,ENVIRONMENTAL
Save the Community Empowerment,Let's meet up and talk about collaborate. This event is for anyone passionate about making a difference!,EDUCATIONAL
Equality Meet-up,An educational session on collaborate. We will explore solutions and actions to take.,ENVIRONMENTAL
Rally for Free Speech,"This event will cover discuss the issue, followed by an open discussion. It's a great opportunity to engage with like-minded people.",EDUCATIONAL
Save the Digital Privacy,An educational session on discuss the issue. We will explore solutions and actions to take.,ENVIRONMENTAL
Rally for Voting Rights,An important meeting to discuss collaborate and its impact on our community.,EDUCATIONAL
Water Conservation Meet-up,An important meeting to discuss protest against injustice and its impact on our community.,SOCIAL
Human Rights Workshop,Let's meet up and talk about raising awareness. This event is for anyone passionate about making a difference!,SOCIAL
Climate Change Rights Protest,An important meeting to discuss protest against injustice and its impact on our community.,POLITICAL
Free Speech Workshop,share knowledge is under threat. We need to unite and stand strong.,SOCIAL
Climate Change Workshop,"Join us as we come together to discuss the issue. This is a critical time, and we need your voice to make a difference!",POLITICAL
Community Gathering: Free Speech,An educational session on collaborate. We will explore solutions and actions to take.,POLITICAL
Water Conservation Rights Protest,An important meeting to discuss protest against injustice and its impact on our community.,POLITICAL
Voting Rights Discussion Forum,"This event will cover explore solutions, followed by an open discussion. It's a great opportunity to engage with like-minded people.",ENVIRONMENTAL
Community Gathering: Digital Privacy,"This event will cover share knowledge, followed by an open discussion. It's a great opportunity to engage with like-minded people.",ENVIRONMENTAL
Human Rights Awareness March,Let's meet up and talk about explore solutions. This event is for anyone passionate about making a difference!,EDUCATIONAL
Water Conservation Discussion Forum,"Join us as we come together to collaborate. This is a critical time, and we need your voice to make a difference!",ENVIRONMENTAL
Rally for Renewable Energy,A peaceful protest to support bring attention to the cause. Make your voice heard!,EDUCATIONAL
Digital Privacy Workshop,"This event will cover share knowledge, followed by an open discussion. It's a great opportunity to engage with like-minded people.",POLITICAL
Free Speech Rights Protest,An educational session on raising awareness. We will explore solutions and actions to take.,SOCIAL
Climate Change Meet-up,"Join us as we come together to collaborate. This is a critical time, and we need your voice to make a difference!",SOCIAL
Movement for Renewable Energy,An important meeting to discuss protest against injustice and its impact on our community.,POLITICAL
Water Conservation Workshop,"This event will cover protest against injustice, followed by an open discussion. It's a great opportunity to engage with like-minded people.",SOCIAL
Voting Rights Awareness March,Learn and collaborate on share knowledge through interactive workshops and panel discussions.,SOCIAL
Voting Rights Workshop,"This event will cover discuss the issue, followed by an open discussion. It's a great opportunity to engage with like-minded people.",SOCIAL
Voting Rights Discussion Forum,share knowledge is under threat. We need to unite and stand strong.,SOCIAL
Rally for Digital Privacy,"Join us as we come together to support the cause. This is a critical time, and we need your voice to make a difference!",POLITICAL
Free Speech Workshop,Let's meet up and talk about bring attention to the cause. This event is for anyone passionate about making a difference!,SOCIAL
Rally for Community Empowerment,"This event will cover explore solutions, followed by an open discussion. It's a great opportunity to engage with like-minded people.",ENVIRONMENTAL
Renewable Energy Awareness March,"This event will cover support the cause, followed by an open discussion. It's a great opportunity to engage with like-minded people.",SOCIAL
Save the Equality,"This event will cover protest against injustice, followed by an open discussion. It's a great opportunity to engage with like-minded people.",POLITICAL
Community Gathering: Free Speech,"This event will cover protest against injustice, followed by an open discussion. It's a great opportunity to engage with like-minded people.",ENVIRONMENTAL
Community Empowerment Rights Protest,Learn and collaborate on bring attention to the cause through interactive workshops and panel discussions.,EDUCATIONAL
Equality Rights Protest,An educational session on bring attention to the cause. We will explore solutions and actions to take.,EDUCATIONAL
Community Gathering: Water Conservation,Learn and collaborate on bring attention to the cause through interactive workshops and panel discussions.,ENVIRONMENTAL
Water Conservation Awareness March,A peaceful protest to support support the cause. Make your voice heard!,SOCIAL
Rally for Digital Privacy,An educational session on explore solutions. We will explore solutions and actions to take.,EDUCATIONAL
Rally for Renewable Energy,Learn and collaborate on protest against injustice through interactive workshops and panel discussions.,ENVIRONMENTAL
Movement for Equality,An educational session on explore solutions. We will explore solutions and actions to take.,EDUCATIONAL
Rally for Free Speech,An educational session on explore solutions. We will explore solutions and actions to take.,POLITICAL
Movement for Human Rights,Learn and collaborate on support the cause through interactive workshops and panel discussions.,SOCIAL
Water Conservation Discussion Forum,"Join us as we come together to bring attention to the cause. This is a critical time, and we need your voice to make a difference!",POLITICAL
Movement for Human Rights,A peaceful protest to support share knowledge. Make your voice heard!,ENVIRONMENTAL
Save the Climate Change,support the cause is under threat. We need to unite and stand strong.,POLITICAL
Water Conservation in Action,An educational session on collaborate. We will explore solutions and actions to take.,SOCIAL
Human Rights Discussion Forum,An educational session on discuss the issue. We will explore solutions and actions to take.,SOCIAL
Animal Welfare Workshop,Let's meet up and talk about support the cause. This event is for anyone passionate about making a difference!,EDUCATIONAL
Movement for Water Conservation,Let's meet up and talk about protest against injustice. This event is for anyone passionate about making a difference!,SOCIAL
Community Empowerment Workshop,An educational session on support the cause. We will explore solutions and actions to take.,SOCIAL
Community Empowerment Rights Protest,"This event will cover support the cause, followed by an open discussion. It's a great opportunity to engage with like-minded people.",ENVIRONMENTAL
Rally for Voting Rights,An educational session on explore solutions. We will explore solutions and actions to take.,POLITICAL
Save the Digital Privacy,"Join us as we come together to discuss the issue. This is a critical time, and we need your voice to make a difference!",ENVIRONMENTAL
Community Gathering: Digital Privacy,"Join us as we come together to share knowledge. This is a critical time, and we need your voice to make a difference!",SOCIAL
Free Speech in Action,A peaceful protest to support raising awareness. Make your voice heard!,SOCIAL
Movement for Renewable Energy,An educational session on protest against injustice. We will explore solutions and actions to take.,SOCIAL
Animal Welfare Workshop,explore solutions is under threat. We need to unite and stand strong.,POLITICAL
Save the Voting Rights,An important meeting to discuss discuss the issue and its impact on our community.,ENVIRONMENTAL
Community Empowerment Rights Protest,An educational session on protest against injustice. We will explore solutions and actions to take.,ENVIRONMENTAL
Water Conservation Awareness March,A peaceful protest to support support the cause. Make your voice heard!,SOCIAL
Digital Privacy Rights Protest,collaborate is under threat. We need to unite and stand strong.,EDUCATIONAL
Rally for Digital Privacy,A peaceful protest to support bring attention to the cause. Make your voice heard!,ENVIRONMENTAL
Free Speech Awareness March,An educational session on discuss the issue. We will explore solutions and actions to take.,POLITICAL
Community Gathering: Free Speech,Let's meet up and talk about discuss the issue. This event is for anyone passionate about making a difference!,SOCIAL
Community Gathering: Digital Privacy,share knowledge is under threat. We need to unite and stand strong.,ENVIRONMENTAL
Community Gathering: Human Rights,An important meeting to discuss protest against injustice and its impact on our community.,EDUCATIONAL
Community Gathering: Human Rights,"This event will cover share knowledge, followed by an open discussion. It's a great opportunity to engage with like-minded people.",POLITICAL
Free Speech Workshop,discuss the issue is under threat. We need to unite and stand strong.,ENVIRONMENTAL
Save the Human Rights,protest against injustice is under threat. We need to unite and stand strong.,SOCIAL
Voting Rights Workshop,Learn and collaborate on protest against injustice through interactive workshops and panel discussions.,SOCIAL
Rally for Renewable Energy,A peaceful protest to support bring attention to the cause. Make your voice heard!,ENVIRONMENTAL
Rally for Equality,An educational session on discuss the issue. We will explore solutions and actions to take.,SOCIAL
Movement for Climate Change,An important meeting to discuss raising awareness and its impact on our community.,POLITICAL
Climate Change Awareness March,share knowledge is under threat. We need to unite and stand strong.,EDUCATIONAL
Renewable Energy in Action,"This event will cover collaborate, followed by an open discussion. It's a great opportunity to engage with like-minded people.",ENVIRONMENTAL
Water Conservation Meet-up,share knowledge is under threat. We need to unite and stand strong.,EDUCATIONAL
Movement for Human Rights,"This event will cover bring attention to the cause, followed by an open discussion. It's a great opportunity to engage with like-minded people.",ENVIRONMENTAL
Community Gathering: Voting Rights,Let's meet up and talk about protest against injustice. This event is for anyone passionate about making a difference!,ENVIRONMENTAL
Renewable Energy in Action,A peaceful protest to support raising awareness. Make your voice heard!,POLITICAL
Free Speech Awareness March,A peaceful protest to support support the cause. Make your voice heard!,ENVIRONMENTAL
Community Empowerment in Action,"This event will cover explore solutions, followed by an open discussion. It's a great opportunity to engage with like-minded people.",EDUCATIONAL
Climate Change Awareness March,An educational session on protest against injustice. We will explore solutions and actions to take.,EDUCATIONAL
Animal Welfare in Action,explore solutions is under threat. We need to unite and stand strong.,EDUCATIONAL
Community Gathering: Human Rights,A peaceful protest to support discuss the issue. Make your voice heard!,EDUCATIONAL
Climate Change Workshop,Let's meet up and talk about protest against injustice. This event is for anyone passionate about making a difference!,ENVIRONMENTAL
Community Gathering: Water Conservation,An important meeting to discuss raising awareness and its impact on our community.,ENVIRONMENTAL
Renewable Energy Meet-up,Let's meet up and talk about discuss the issue. This event is for anyone passionate about making a difference!,ENVIRONMENTAL
Climate Change Rights Protest,explore solutions is under threat. We need to unite and stand strong.,EDUCATIONAL
Animal Welfare Awareness March,A peaceful protest to support protest against injustice. Make your voice heard!,POLITICAL
Water Conservation Rights Protest,collaborate is under threat. We need to unite and stand strong.,EDUCATIONAL
Water Conservation Rights Protest,A peaceful protest to support share knowledge. Make your voice heard!,POLITICAL
Animal Welfare Discussion Forum,An educational session on raising awareness. We will explore solutions and actions to take.,EDUCATIONAL
Movement for Climate Change,"This event will cover support the cause, followed by an open discussion. It's a great opportunity to engage with like-minded people.",ENVIRONMENTAL
Animal Welfare Rights Protest,An educational session on protest against injustice. We will explore solutions and actions to take.,SOCIAL
Equality Awareness March,An important meeting to discuss protest against injustice and its impact on our community.,SOCIAL
Climate Change Rights Protest,An educational session on discuss the issue. We will explore solutions and actions to take.,POLITICAL
Free Speech Workshop,"This event will cover collaborate, followed by an open discussion. It's a great opportunity to engage with like-minded people.",POLITICAL
Save the Free Speech,Learn and collaborate on protest against injustice through interactive workshops and panel discussions.,SOCIAL
Save the Animal Welfare,discuss the issue is under threat. We need to unite and stand strong.,EDUCATIONAL
Rally for Human Rights,"This event will cover share knowledge, followed by an open discussion. It's a great opportunity to engage with like-minded people.",SOCIAL
Movement for Voting Rights,An educational session on raising awareness. We will explore solutions and actions to take.,EDUCATIONAL
Water Conservation Rights Protest,"Join us as we come together to bring attention to the cause. This is a critical time, and we need your voice to make a difference!",SOCIAL
Voting Rights Awareness March,Let's meet up and talk about bring attention to the cause. This event is for anyone passionate about making a difference!,SOCIAL
Voting Rights Meet-up,raising awareness is under threat. We need to unite and stand strong.,POLITICAL
Rally for Community Empowerment,"Join us as we come together to collaborate. This is a critical time, and we need your voice to make a difference!",SOCIAL
Movement for Animal Welfare,Learn and collaborate on support the cause through interactive workshops and panel discussions.,SOCIAL
Digital Privacy in Action,An educational session on support the cause. We will explore solutions and actions to take.,SOCIAL
Animal Welfare Discussion Forum,An educational session on bring attention to the cause. We will explore solutions and actions to take.,POLITICAL
Water Conservation Meet-up,"This event will cover collaborate, followed by an open discussion. It's a great opportunity to engage with like-minded people.",SOCIAL
Water Conservation in Action,An important meeting to discuss support the cause and its impact on our community.,SOCIAL
Human Rights Rights Protest,A peaceful protest to support protest against injustice. Make your voice heard!,EDUCATIONAL
Climate Change Rights Protest,Let's meet up and talk about protest against injustice. This event is for anyone passionate about making a difference!,POLITICAL
Movement for Free Speech,Learn and collaborate on raising awareness through interactive workshops and panel discussions.,EDUCATIONAL
Community Empowerment Discussion Forum,A peaceful protest to support discuss the issue. Make your voice heard!,ENVIRONMENTAL
Animal Welfare Discussion Forum,bring attention to the cause is under threat. We need to unite and stand strong.,EDUCATIONAL
Renewable Energy in Action,"Join us as we come together to share knowledge. This is a critical time, and we need your voice to make a difference!",ENVIRONMENTAL
Animal Welfare Meet-up,"Join us as we come together to raising awareness. This is a critical time, and we need your voice to make a difference!",SOCIAL
Renewable Energy Meet-up,Let's meet up and talk about raising awareness. This event is for anyone passionate about making a difference!,ENVIRONMENTAL
Community Empowerment in Action,A peaceful protest to support support the cause. Make your voice heard!,SOCIAL
Water Conservation Meet-up,Learn and collaborate on support the cause through interactive workshops and panel discussions.,SOCIAL
Movement for Digital Privacy,A peaceful protest to support raising awareness. Make your voice heard!,POLITICAL
Digital Privacy Rights Protest,Learn and collaborate on bring attention to the cause through interactive workshops and panel discussions.,SOCIAL
Community Empowerment Awareness March,"This event will cover collaborate, followed by an open discussion. It's a great opportunity to engage with like-minded people.",ENVIRONMENTAL
Movement for Water Conservation,"This event will cover collaborate, followed by an open discussion. It's a great opportunity to engage with like-minded people.",EDUCATIONAL
Free Speech Awareness March,An important meeting to discuss collaborate and its impact on our community.,ENVIRONMENTAL
Water Conservation Workshop,A peaceful protest to support raising awareness. Make your voice heard!,SOCIAL
Renewable Energy Workshop,Let's meet up and talk about explore solutions. This event is for anyone passionate about making a difference!,EDUCATIONAL
Community Gathering: Community Empowerment,Let's meet up and talk about support the cause. This event is for anyone passionate about making a difference!,EDUCATIONAL
Voting Rights Meet-up,"This event will cover bring attention to the cause, followed by an open discussion. It's a great opportunity to engage with like-minded people.",POLITICAL
Free Speech Discussion Forum,An educational session on collaborate. We will explore solutions and actions to take.,SOCIAL
Human Rights Meet-up,"Join us as we come together to share knowledge. This is a critical time, and we need your voice to make a difference!",EDUCATIONAL
Community Empowerment Rights Protest,Let's meet up and talk about collaborate. This event is for anyone passionate about making a difference!,ENVIRONMENTAL
Human Rights Rights Protest,A peaceful protest to support support the cause. Make your voice heard!,ENVIRONMENTAL
Equality Rights Protest,"Join us as we come together to discuss the issue. This is a critical time, and we need your voice to make a difference!",ENVIRONMENTAL
Community Gathering: Climate Change,Learn and collaborate on share knowledge through interactive workshops and panel discussions.,SOCIAL
Save the Human Rights,Let's meet up and talk about share knowledge. This event is for anyone passionate about making a difference!,SOCIAL
Community Gathering: Community Empowerment,"This event will cover explore solutions, followed by an open discussion. It's a great opportunity to engage with like-minded people.",ENVIRONMENTAL
Voting Rights Workshop,collaborate is under threat. We need to unite and stand strong.,POLITICAL
Rally for Water Conservation,An educational session on bring attention to the cause. We will explore solutions and actions to take.,ENVIRONMENTAL
Renewable Energy in Action,An educational session on collaborate. We will explore solutions and actions to take.,SOCIAL
Equality Awareness March,discuss the issue is under threat. We need to unite and stand strong.,SOCIAL
Save the Voting Rights,Learn and collaborate on protest against injustice through interactive workshops and panel discussions.,EDUCATIONAL
Movement for Free Speech,An educational session on share knowledge. We will explore solutions and actions to take.,SOCIAL
Save the Animal Welfare,A peaceful protest to support explore solutions. Make your voice heard!,ENVIRONMENTAL
Movement for Animal Welfare,Let's meet up and talk about raising awareness. This event is for anyone passionate about making a difference!,SOCIAL
Renewable Energy Workshop,Learn and collaborate on protest against injustice through interactive workshops and panel discussions.,SOCIAL
Digital Privacy Workshop,An important meeting to discuss discuss the issue and its impact on our community.,ENVIRONMENTAL
Voting Rights Workshop,An educational session on bring attention to the cause. We will explore solutions and actions to take.,POLITICAL
Voting Rights Awareness March,Learn and collaborate on bring attention to the cause through interactive workshops and panel discussions.,SOCIAL
Digital Privacy Awareness March,"This event will cover support the cause, followed by an open discussion. It's a great opportunity to engage with like-minded people.",SOCIAL
Climate Change Rights Protest,A peaceful protest to support collaborate. Make your voice heard!,ENVIRONMENTAL
Renewable Energy Discussion Forum,Let's meet up and talk about protest against injustice. This event is for anyone passionate about making a difference!,ENVIRONMENTAL
Rally for Human Rights,"Join us as we come together to collaborate. This is a critical time, and we need your voice to make a difference!",SOCIAL
Movement for Digital Privacy,raising awareness is under threat. We need to unite and stand strong.,ENVIRONMENTAL
Digital Privacy in Action,A peaceful protest to support bring attention to the cause. Make your voice heard!,SOCIAL
Equality Meet-up,An important meeting to discuss share knowledge and its impact on our community.,ENVIRONMENTAL
Community Empowerment in Action,An important meeting to discuss bring attention to the cause and its impact on our community.,POLITICAL
Rally for Equality,discuss the issue is under threat. We need to unite and stand strong.,POLITICAL
Movement for Equality,A peaceful protest to support share knowledge. Make your voice heard!,POLITICAL
Animal Welfare Workshop,"This event will cover support the cause, followed by an open discussion. It's a great opportunity to engage with like-minded people.",POLITICAL
Movement for Human Rights,An important meeting to discuss collaborate and its impact on our community.,ENVIRONMENTAL
Renewable Energy Discussion Forum,Let's meet up and talk about bring attention to the cause. This event is for anyone passionate about making a difference!,EDUCATIONAL
Renewable Energy in Action,Let's meet up and talk about explore solutions. This event is for anyone passionate about making a difference!,POLITICAL
Free Speech Workshop,Learn and collaborate on explore solutions through interactive workshops and panel discussions.,ENVIRONMENTAL
Water Conservation Discussion Forum,Let's meet up and talk about explore solutions. This event is for anyone passionate about making a difference!,ENVIRONMENTAL
Human Rights Discussion Forum,Let's meet up and talk about support the cause. This event is for anyone passionate about making a difference!,SOCIAL
Human Rights Meet-up,A peaceful protest to support collaborate. Make your voice heard!,ENVIRONMENTAL
Save the Climate Change,An important meeting to discuss support the cause and its impact on our community.,SOCIAL
Animal Welfare Awareness March,An educational session on discuss the issue. We will explore solutions and actions to take.,POLITICAL
Movement for Free Speech,"Join us as we come together to discuss the issue. This is a critical time, and we need your voice to make a difference!",ENVIRONMENTAL
Free Speech Meet-up,"Join us as we come together to raising awareness. This is a critical time, and we need your voice to make a difference!",SOCIAL
Water Conservation Awareness March,"Join us as we come together to support the cause. This is a critical time, and we need your voice to make a difference!",POLITICAL
Community Gathering: Animal Welfare,A peaceful protest to support discuss the issue. Make your voice heard!,POLITICAL
Community Gathering: Climate Change,A peaceful protest to support raising awareness. Make your voice heard!,POLITICAL
Free Speech Awareness March,Learn and collaborate on explore solutions through interactive workshops and panel discussions.,POLITICAL
Human Rights Meet-up,An important meeting to discuss discuss the issue and its impact on our community.,ENVIRONMENTAL
Community Empowerment Awareness March,An important meeting to discuss share knowledge and its impact on our community.,EDUCATIONAL
Rally for Digital Privacy,An educational session on support the cause. We will explore solutions and actions to take.,ENVIRONMENTAL
Save the Digital Privacy,An important meeting to discuss explore solutions and its impact on our community.,POLITICAL
Free Speech Meet-up,Let's meet up and talk about bring attention to the cause. This event is for anyone passionate about making a difference!,ENVIRONMENTAL
Movement for Renewable Energy,"This event will cover protest against injustice, followed by an open discussion. It's a great opportunity to engage with like-minded people.",SOCIAL
Water Conservation in Action,A peaceful protest to support bring attention to the cause. Make your voice heard!,ENVIRONMENTAL
Movement for Community Empowerment,Let's meet up and talk about protest against injustice. This event is for anyone passionate about making a difference!,ENVIRONMENTAL
Climate Change Workshop,An important meeting to discuss collaborate and its impact on our community.,SOCIAL
Water Conservation Meet-up,An important meeting to discuss share knowledge and its impact on our community.,POLITICAL
Save the Water Conservation,protest against injustice is under threat. We need to unite and stand strong.,SOCIAL
Rally for Equality,An educational session on share knowledge. We will explore solutions and actions to take.,SOCIAL
Human Rights in Action,Let's meet up and talk about raising awareness. This event is for anyone passionate about making a difference!,POLITICAL
Movement for Water Conservation,An important meeting to discuss explore solutions and its impact on our community.,POLITICAL
Community Gathering: Animal Welfare,A peaceful protest to support share knowledge. Make your voice heard!,EDUCATIONAL
Save the Climate Change,A peaceful protest to support discuss the issue. Make your voice heard!,EDUCATIONAL
Human Rights Meet-up,An educational session on explore solutions. We will explore solutions and actions to take.,SOCIAL
Rally for Climate Change,A peaceful protest to support bring attention to the cause. Make your voice heard!,SOCIAL
Equality Workshop,Let's meet up and talk about discuss the issue. This event is for anyone passionate about making a difference!,SOCIAL
Rally for Water Conservation,A peaceful protest to support explore solutions. Make your voice heard!,ENVIRONMENTAL
Community Gathering: Human Rights,share knowledge is under threat. We need to unite and stand strong.,ENVIRONMENTAL
Human Rights Discussion Forum,A peaceful protest to support raising awareness. Make your voice heard!,POLITICAL
Equality in Action,"Join us as we come together to share knowledge. This is a critical time, and we need your voice to make a difference!",ENVIRONMENTAL
Renewable Energy Workshop,"Join us as we come together to explore solutions. This is a critical time, and we need your voice to make a difference!",EDUCATIONAL
Save the Human Rights,Let's meet up and talk about share knowledge. This event is for anyone passionate about making a difference!,SOCIAL
Human Rights Rights Protest,"This event will cover support the cause, followed by an open discussion. It's a great opportunity to engage with like-minded people.",EDUCATIONAL
Community Gathering: Climate Change,An important meeting to discuss bring attention to the cause and its impact on our community.,SOCIAL
Human Rights in Action,"This event will cover share knowledge, followed by an open discussion. It's a great opportunity to engage with like-minded people.",SOCIAL
Community Gathering: Animal Welfare,"Join us as we come together to collaborate. This is a critical time, and we need your voice to make a difference!",POLITICAL
Climate Change Awareness March,"This event will cover protest against injustice, followed by an open discussion. It's a great opportunity to engage with like-minded people.",EDUCATIONAL
Renewable Energy Workshop,An educational session on protest against injustice. We will explore solutions and actions to take.,ENVIRONMENTAL
Rally for Free Speech,Let's meet up and talk about collaborate. This event is for anyone passionate about making a difference!,POLITICAL
Community Empowerment Discussion Forum,A peaceful protest to support bring attention to the cause. Make your voice heard!,EDUCATIONAL
Community Gathering: Digital Privacy,Let's meet up and talk about discuss the issue. This event is for anyone passionate about making a difference!,ENVIRONMENTAL
Animal Welfare Awareness March,A peaceful protest to support collaborate. Make your voice heard!,POLITICAL
Movement for Climate Change,An educational session on protest against injustice. We will explore solutions and actions to take.,SOCIAL
Animal Welfare Discussion Forum,An educational session on bring attention to the cause. We will explore solutions and actions to take.,ENVIRONMENTAL
Renewable Energy Meet-up,Learn and collaborate on support the cause through interactive workshops and panel discussions.,EDUCATIONAL
Equality Rights Protest,"Join us as we come together to collaborate. This is a critical time, and we need your voice to make a difference!",POLITICAL
Save the Water Conservation,"Join us as we come together to discuss the issue. This is a critical time, and we need your voice to make a difference!",POLITICAL
Community Gathering: Animal Welfare,An educational session on bring attention to the cause. We will explore solutions and actions to take.,POLITICAL
Digital Privacy in Action,An educational session on protest against injustice. We will explore solutions and actions to take.,SOCIAL
Rally for Water Conservation,Let's meet up and talk about explore solutions. This event is for anyone passionate about making a difference!,POLITICAL
Climate Change in Action,A peaceful protest to support protest against injustice. Make your voice heard!,ENVIRONMENTAL
Voting Rights Discussion Forum,"Join us as we come together to collaborate. This is a critical time, and we need your voice to make a difference!",POLITICAL
Human Rights in Action,Let's meet up and talk about raising awareness. This event is for anyone passionate about making a difference!,SOCIAL
Renewable Energy Meet-up,A peaceful protest to support collaborate. Make your voice heard!,EDUCATIONAL
Digital Privacy Discussion Forum,support the cause is under threat. We need to unite and stand strong.,EDUCATIONAL
Free Speech Rights Protest,An educational session on share knowledge. We will explore solutions and actions to take.,ENVIRONMENTAL
Human Rights Discussion Forum,Let's meet up and talk about raising awareness. This event is for anyone passionate about making a difference!,EDUCATIONAL
Renewable Energy Discussion Forum,Learn and collaborate on explore solutions through interactive workshops and panel discussions.,ENVIRONMENTAL
Community Empowerment Meet-up,"Join us as we come together to support the cause. This is a critical time, and we need your voice to make a difference!",EDUCATIONAL
Human Rights Awareness March,protest against injustice is under threat. We need to unite and stand strong.,SOCIAL
Climate Change Discussion Forum,Learn and collaborate on support the cause through interactive workshops and panel discussions.,EDUCATIONAL
Rally for Human Rights,Let's meet up and talk about bring attention to the cause. This event is for anyone passionate about making a difference!,SOCIAL
Voting Rights in Action,An educational session on protest against injustice. We will explore solutions and actions to take.,ENVIRONMENTAL
Digital Privacy Workshop,Learn and collaborate on collaborate through interactive workshops and panel discussions.,POLITICAL
Voting Rights Discussion Forum,"This event will cover raising awareness, followed by an open discussion. It's a great opportunity to engage with like-minded people.",POLITICAL
Rally for Human Rights,"This event will cover collaborate, followed by an open discussion. It's a great opportunity to engage with like-minded people.",SOCIAL
Movement for Renewable Energy,A peaceful protest to support explore solutions. Make your voice heard!,EDUCATIONAL
Movement for Community Empowerment,A peaceful protest to support collaborate. Make your voice heard!,ENVIRONMENTAL
Rally for Digital Privacy,An educational session on raising awareness. We will explore solutions and actions to take.,SOCIAL
Human Rights Awareness March,An educational session on protest against injustice. We will explore solutions and actions to take.,EDUCATIONAL
Animal Welfare Workshop,"Join us as we come together to support the cause. This is a critical time, and we need your voice to make a difference!",ENVIRONMENTAL
Animal Welfare Rights Protest,An important meeting to discuss share knowledge and its impact on our community.,POLITICAL
Rally for Free Speech,Learn and collaborate on explore solutions through interactive workshops and panel discussions.,POLITICAL
Human Rights Awareness March,"This event will cover collaborate, followed by an open discussion. It's a great opportunity to engage with like-minded people.",EDUCATIONAL
Save the Renewable Energy,An educational session on share knowledge. We will explore solutions and actions to take.,POLITICAL
Animal Welfare Meet-up,Learn and collaborate on share knowledge through interactive workshops and panel discussions.,SOCIAL
Community Gathering: Free Speech,A peaceful protest to support bring attention to the cause. Make your voice heard!,ENVIRONMENTAL
Renewable Energy Meet-up,"This event will cover raising awareness, followed by an open discussion. It's a great opportunity to engage with like-minded people.",ENVIRONMENTAL
Digital Privacy Meet-up,"This event will cover collaborate, followed by an open discussion. It's a great opportunity to engage with like-minded people.",SOCIAL
Digital Privacy Awareness March,Learn and collaborate on bring attention to the cause through interactive workshops and panel discussions.,ENVIRONMENTAL
Movement for Water Conservation,share knowledge is under threat. We need to unite and stand strong.,EDUCATIONAL
Rally for Renewable Energy,An important meeting to discuss explore solutions and its impact on our community.,POLITICAL
Free Speech Workshop,An important meeting to discuss share knowledge and its impact on our community.,ENVIRONMENTAL
Rally for Climate Change,An educational session on explore solutions. We will explore solutions and actions to take.,EDUCATIONAL
Digital Privacy in Action,A peaceful protest to support collaborate. Make your voice heard!,EDUCATIONAL
Animal Welfare Discussion Forum,"This event will cover protest against injustice, followed by an open discussion. It's a great opportunity to engage with like-minded people.",ENVIRONMENTAL
Free Speech Workshop,Learn and collaborate on explore solutions through interactive workshops and panel discussions.,EDUCATIONAL
Movement for Animal Welfare,An important meeting to discuss discuss the issue and its impact on our community.,EDUCATIONAL
Renewable Energy Discussion Forum,"This event will cover bring attention to the cause, followed by an open discussion. It's a great opportunity to engage with like-minded people.",SOCIAL
Equality Rights Protest,An important meeting to discuss discuss the issue and its impact on our community.,EDUCATIONAL
Movement for Voting Rights,Let's meet up and talk about share knowledge. This event is for anyone passionate about making a difference!,SOCIAL
Community Gathering: Digital Privacy,An educational session on bring attention to the cause. We will explore solutions and actions to take.,POLITICAL
Save the Climate Change,An important meeting to discuss discuss the issue and its impact on our community.,SOCIAL
Rally for Equality,An important meeting to discuss explore solutions and its impact on our community.,POLITICAL
Equality Meet-up,Learn and collaborate on support the cause through interactive workshops and panel discussions.,SOCIAL
Movement for Equality,"This event will cover support the cause, followed by an open discussion. It's a great opportunity to engage with like-minded people.",POLITICAL
Rally for Climate Change,"This event will cover explore solutions, followed by an open discussion. It's a great opportunity to engage with like-minded people.",ENVIRONMENTAL
Rally for Community Empowerment,Learn and collaborate on bring attention to the cause through interactive workshops and panel discussions.,SOCIAL
Rally for Digital Privacy,An important meeting to discuss discuss the issue and its impact on our community.,EDUCATIONAL
Voting Rights Workshop,"Join us as we come together to collaborate. This is a critical time, and we need your voice to make a difference!",SOCIAL
Animal Welfare Awareness March,"This event will cover explore solutions, followed by an open discussion. It's a great opportunity to engage with like-minded people.",ENVIRONMENTAL
Community Empowerment Discussion Forum,An important meeting to discuss share knowledge and its impact on our community.,POLITICAL
Equality Rights Protest,A peaceful protest to support share knowledge. Make your voice heard!,SOCIAL
Rally for Animal Welfare,An important meeting to discuss raising awareness and its impact on our community.,POLITICAL
Save the Animal Welfare,"Join us as we come together to explore solutions. This is a critical time, and we need your voice to make a difference!",ENVIRONMENTAL
Rally for Voting Rights,An educational session on raising awareness. We will explore solutions and actions to take.,ENVIRONMENTAL
Equality Workshop,A peaceful protest to support bring attention to the cause. Make your voice heard!,EDUCATIONAL
Equality Workshop,An important meeting to discuss support the cause and its impact on our community.,EDUCATIONAL
Voting Rights Awareness March,"This event will cover bring attention to the cause, followed by an open discussion. It's a great opportunity to engage with like-minded people.",ENVIRONMENTAL
Movement for Digital Privacy,Let's meet up and talk about collaborate. This event is for anyone passionate about making a difference!,EDUCATIONAL
Equality Meet-up,protest against injustice is under threat. We need to unite and stand strong.,SOCIAL
Water Conservation Rights Protest,"Join us as we come together to protest against injustice. This is a critical time, and we need your voice to make a difference!",ENVIRONMENTAL
Rally for Equality,"Join us as we come together to explore solutions. This is a critical time, and we need your voice to make a difference!",SOCIAL
Animal Welfare Discussion Forum,support the cause is under threat. We need to unite and stand strong.,EDUCATIONAL
Animal Welfare Discussion Forum,"Join us as we come together to collaborate. This is a critical time, and we need your voice to make a difference!",EDUCATIONAL
Save the Community Empowerment,support the cause is under threat. We need to unite and stand strong.,SOCIAL
Digital Privacy Discussion Forum,Learn and collaborate on raising awareness through interactive workshops and panel discussions.,POLITICAL
Animal Welfare in Action,A peaceful protest to support protest against injustice. Make your voice heard!,POLITICAL
Community Gathering: Equality,"Join us as we come together to support the cause. This is a critical time, and we need your voice to make a difference!",ENVIRONMENTAL
Free Speech Rights Protest,Let's meet up and talk about discuss the issue. This event is for anyone passionate about making a difference!,POLITICAL
Free Speech Awareness March,A peaceful protest to support collaborate. Make your voice heard!,EDUCATIONAL
Save the Animal Welfare,A peaceful protest to support bring attention to the cause. Make your voice heard!,EDUCATIONAL
Renewable Energy Workshop,bring attention to the cause is under threat. We need to unite and stand strong.,EDUCATIONAL
Save the Equality,"This event will cover bring attention to the cause, followed by an open discussion. It's a great opportunity to engage with like-minded people.",POLITICAL
Water Conservation Awareness March,Learn and collaborate on bring attention to the cause through interactive workshops and panel discussions.,EDUCATIONAL
Climate Change Meet-up,Learn and collaborate on share knowledge through interactive workshops and panel discussions.,POLITICAL
Rally for Equality,Let's meet up and talk about support the cause. This event is for anyone passionate about making a difference!,POLITICAL
Climate Change Workshop,"This event will cover protest against injustice, followed by an open discussion. It's a great opportunity to engage with like-minded people.",ENVIRONMENTAL
Rally for Human Rights,A peaceful protest to support explore solutions. Make your voice heard!,EDUCATIONAL
Digital Privacy Meet-up,"Join us as we come together to explore solutions. This is a critical time, and we need your voice to make a difference!",POLITICAL
Movement for Voting Rights,share knowledge is under threat. We need to unite and stand strong.,POLITICAL
Digital Privacy Meet-up,bring attention to the cause is under threat. We need to unite and stand strong.,EDUCATIONAL
Save the Digital Privacy,An important meeting to discuss collaborate and its impact on our community.,ENVIRONMENTAL
Rally for Voting Rights,A peaceful protest to support bring attention to the cause. Make your voice heard!,SOCIAL
Renewable Energy Workshop,An important meeting to discuss explore solutions and its impact on our community.,EDUCATIONAL
Community Gathering: Human Rights,A peaceful protest to support protest against injustice. Make your voice heard!,POLITICAL
Movement for Water Conservation,Learn and collaborate on protest against injustice through interactive workshops and panel discussions.,POLITICAL
Water Conservation Workshop,discuss the issue is under threat. We need to unite and stand strong.,POLITICAL
Digital Privacy Workshop,Learn and collaborate on protest against injustice through interactive workshops and panel discussions.,SOCIAL
Community Gathering: Human Rights,Learn and collaborate on explore solutions through interactive workshops and panel discussions.,SOCIAL
Equality Discussion Forum,An important meeting to discuss protest against injustice and its impact on our community.,EDUCATIONAL
Renewable Energy Meet-up,discuss the issue is under threat. We need to unite and stand strong.,ENVIRONMENTAL
Movement for Water Conservation,Learn and collaborate on explore solutions through interactive workshops and panel discussions.,EDUCATIONAL
Renewable Energy Workshop,protest against injustice is under threat. We need to unite and stand strong.,ENVIRONMENTAL
Animal Welfare Discussion Forum,A peaceful protest to support bring attention to the cause. Make your voice heard!,EDUCATIONAL
Animal Welfare Workshop,Learn and collaborate on protest against injustice through interactive workshops and panel discussions.,ENVIRONMENTAL
Save the Water Conservation,"This event will cover raising awareness, followed by an open discussion. It's a great opportunity to engage with like-minded people.",EDUCATIONAL
Free Speech Workshop,A peaceful protest to support discuss the issue. Make your voice heard!,EDUCATIONAL
Digital Privacy Rights Protest,"This event will cover share knowledge, followed by an open discussion. It's a great opportunity to engage with like-minded people.",POLITICAL
Movement for Renewable Energy,An important meeting to discuss raising awareness and its impact on our community.,POLITICAL
Movement for Animal Welfare,"Join us as we come together to collaborate. This is a critical time, and we need your voice to make a difference!",SOCIAL
Voting Rights Discussion Forum,Learn and collaborate on explore solutions through interactive workshops and panel discussions.,SOCIAL
Movement for Climate Change,share knowledge is under threat. We need to unite and stand strong.,EDUCATIONAL
Water Conservation Discussion Forum,Learn and collaborate on support the cause through interactive workshops and panel discussions.,POLITICAL
Save the Animal Welfare,discuss the issue is under threat. We need to unite and stand strong.,ENVIRONMENTAL
Movement for Water Conservation,Learn and collaborate on raising awareness through interactive workshops and panel discussions.,POLITICAL
Digital Privacy Workshop,support the cause is under threat. We need to unite and stand strong.,ENVIRONMENTAL
Movement for Climate Change,explore solutions is under threat. We need to unite and stand strong.,SOCIAL
Equality Discussion Forum,A peaceful protest to support protest against injustice. Make your voice heard!,POLITICAL
Rally for Renewable Energy,raising awareness is under threat. We need to unite and stand strong.,POLITICAL
Water Conservation Rights Protest,A peaceful protest to support discuss the issue. Make your voice heard!,EDUCATIONAL
Human Rights Awareness March,discuss the issue is under threat. We need to unite and stand strong.,EDUCATIONAL
Movement for Free Speech,raising awareness is under threat. We need to unite and stand strong.,EDUCATIONAL
Community Gathering: Digital Privacy,support the cause is under threat. We need to unite and stand strong.,ENVIRONMENTAL
Digital Privacy Awareness March,An educational session on explore solutions. We will explore solutions and actions to take.,POLITICAL
Climate Change Meet-up,An important meeting to discuss raising awareness and its impact on our community.,ENVIRONMENTAL
Rally for Equality,Learn and collaborate on collaborate through interactive workshops and panel discussions.,POLITICAL
Community Empowerment in Action,"Join us as we come together to share knowledge. This is a critical time, and we need your voice to make a difference!",POLITICAL
Water Conservation Meet-up,protest against injustice is under threat. We need to unite and stand strong.,SOCIAL
Human Rights Discussion Forum,Let's meet up and talk about raising awareness. This event is for anyone passionate about making a difference!,POLITICAL
Save the Water Conservation,Let's meet up and talk about bring attention to the cause. This event is for anyone passionate about making a difference!,EDUCATIONAL
Community Empowerment in Action,An educational session on collaborate. We will explore solutions and actions to take.,ENVIRONMENTAL
